show_id,type,title,director,cast,country,date_added,release_year,rating,duration,listed_in,description
s1,Movie,Netflix Title 1,Director 1,"Actor A, Actor B 1",South Korea,"January 1, 2023",2016,TV-MA,72 min,Thriller,Sample description for title 1
s2,TV Show,Netflix Title 2,Director 2,"Actor A, Actor B 2",United States,"January 2, 2023",2023,TV-PG,1 Seasons,Romance,Sample description for title 2
s3,TV Show,Netflix Title 3,Director 3,"Actor A, Actor B 3",United States,"January 3, 2023",2016,TV-PG,2 Seasons,Thriller,Sample description for title 3
s4,Movie,Netflix Title 4,Director 4,"Actor A, Actor B 4",United States,"January 4, 2023",2006,TV-PG,119 min,Romance,Sample description for title 4
s5,Movie,Netflix Title 5,Director 5,"Actor A, Actor B 5",Japan,"January 5, 2023",2013,R,64 min,Comedy,Sample description for title 5
s6,Movie,Netflix Title 6,Director 6,"Actor A, Actor B 6",Canada,"January 6, 2023",2014,R,103 min,Thriller,Sample description for title 6
s7,Movie,Netflix Title 7,Director 7,"Actor A, Actor B 7",Japan,"January 7, 2023",1996,TV-MA,86 min,Thriller,Sample description for title 7
s8,TV Show,Netflix Title 8,Director 8,"Actor A, Actor B 8",Canada,"January 8, 2023",1995,TV-14,5 Seasons,Documentary,Sample description for title 8
s9,Movie,Netflix Title 9,Director 9,"Actor A, Actor B 9",Japan,"January 9, 2023",2013,TV-14,67 min,Documentary,Sample description for title 9
s10,TV Show,Netflix Title 10,Director 10,"Actor A, Actor B 10",Japan,"January 10, 2023",2022,R,6 Seasons,Drama,Sample description for title 10
s11,Movie,Netflix Title 11,Director 11,"Actor A, Actor B 11",South Korea,"January 11, 2023",2018,TV-MA,131 min,Romance,Sample description for title 11
s12,TV Show,Netflix Title 12,Director 12,"Actor A, Actor B 12",United Kingdom,"January 12, 2023",2011,TV-14,2 Seasons,Documentary,Sample description for title 12
s13,TV Show,Netflix Title 13,Director 13,"Actor A, Actor B 13",Japan,"January 13, 2023",2015,TV-MA,3 Seasons,Drama,Sample description for title 13
s14,Movie,Netflix Title 14,Director 14,"Actor A, Actor B 14",South Korea,"January 14, 2023",2017,TV-MA,177 min,Documentary,Sample description for title 14
s15,Movie,Netflix Title 15,Director 15,"Actor A, Actor B 15",India,"January 15, 2023",2010,TV-MA,103 min,Romance,Sample description for title 15
s16,Movie,Netflix Title 16,Director 16,"Actor A, Actor B 16",United Kingdom,"January 16, 2023",1996,PG,117 min,Thriller,Sample description for title 16
s17,Movie,Netflix Title 17,Director 17,"Actor A, Actor B 17",Japan,"January 17, 2023",2006,TV-PG,62 min,Action,Sample description for title 17
s18,Movie,Netflix Title 18,Director 18,"Actor A, Actor B 18",United States,"January 18, 2023",2009,TV-MA,145 min,Romance,Sample description for title 18
s19,Movie,Netflix Title 19,Director 19,"Actor A, Actor B 19",India,"January 19, 2023",2009,PG,129 min,Comedy,Sample description for title 19
s20,Movie,Netflix Title 20,Director 20,"Actor A, Actor B 0",India,"January 20, 2023",2011,R,61 min,Documentary,Sample description for title 20
s21,Movie,Netflix Title 21,Director 21,"Actor A, Actor B 1",South Korea,"January 21, 2023",2017,TV-14,146 min,Documentary,Sample description for title 21
s22,Movie,Netflix Title 22,Director 22,"Actor A, Actor B 2",India,"January 22, 2023",1996,TV-PG,103 min,Thriller,Sample description for title 22
s23,Movie,Netflix Title 23,Director 23,"Actor A, Actor B 3",United Kingdom,"January 23, 2023",1990,TV-14,61 min,Comedy,Sample description for title 23
s24,Movie,Netflix Title 24,Director 24,"Actor A, Actor B 4",Japan,"January 24, 2023",2021,TV-PG,161 min,Thriller,Sample description for title 24
s25,Movie,Netflix Title 25,Director 25,"Actor A, Actor B 5",Japan,"January 25, 2023",2002,TV-14,140 min,Comedy,Sample description for title 25
s26,TV Show,Netflix Title 26,Director 26,"Actor A, Actor B 6",United States,"January 26, 2023",2019,TV-PG,3 Seasons,Action,Sample description for title 26
s27,Movie,Netflix Title 27,Director 27,"Actor A, Actor B 7",South Korea,"January 27, 2023",2012,TV-14,157 min,Documentary,Sample description for title 27
s28,Movie,Netflix Title 28,Director 28,"Actor A, Actor B 8",United States,"January 28, 2023",2008,TV-14,146 min,Documentary,Sample description for title 28
s29,Movie,Netflix Title 29,Director 29,"Actor A, Actor B 9",India,"January 1, 2023",2021,TV-14,89 min,Action,Sample description for title 29
s30,Movie,Netflix Title 30,Director 30,"Actor A, Actor B 10",United States,"January 2, 2023",2019,TV-14,175 min,Drama,Sample description for title 30
s31,Movie,Netflix Title 31,Director 31,"Actor A, Actor B 11",United Kingdom,"January 3, 2023",2018,R,67 min,Thriller,Sample description for title 31
s32,Movie,Netflix Title 32,Director 32,"Actor A, Actor B 12",Japan,"January 4, 2023",2018,TV-MA,81 min,Action,Sample description for title 32
s33,Movie,Netflix Title 33,Director 33,"Actor A, Actor B 13",India,"January 5, 2023",2019,PG-13,103 min,Thriller,Sample description for title 33
s34,TV Show,Netflix Title 34,Director 34,"Actor A, Actor B 14",United States,"January 6, 2023",2005,PG,4 Seasons,Romance,Sample description for title 34
s35,TV Show,Netflix Title 35,Director 35,"Actor A, Actor B 15",South Korea,"January 7, 2023",2008,PG-13,5 Seasons,Documentary,Sample description for title 35
s36,TV Show,Netflix Title 36,Director 36,"Actor A, Actor B 16",United Kingdom,"January 8, 2023",2007,PG-13,9 Seasons,Thriller,Sample description for title 36
s37,Movie,Netflix Title 37,Director 37,"Actor A, Actor B 17",United Kingdom,"January 9, 2023",1990,TV-PG,114 min,Comedy,Sample description for title 37
s38,Movie,Netflix Title 38,Director 38,"Actor A, Actor B 18",United States,"January 10, 2023",2003,TV-MA,139 min,Thriller,Sample description for title 38
s39,Movie,Netflix Title 39,Director 39,"Actor A, Actor B 19",Japan,"January 11, 2023",1991,TV-PG,165 min,Romance,Sample description for title 39
s40,Movie,Netflix Title 40,Director 40,"Actor A, Actor B 0",United States,"January 12, 2023",2017,TV-MA,121 min,Documentary,Sample description for title 40
s41,Movie,Netflix Title 41,Director 41,"Actor A, Actor B 1",India,"January 13, 2023",2019,TV-MA,89 min,Action,Sample description for title 41
s42,Movie,Netflix Title 42,Director 42,"Actor A, Actor B 2",United States,"January 14, 2023",1993,TV-14,114 min,Romance,Sample description for title 42
s43,Movie,Netflix Title 43,Director 43,"Actor A, Actor B 3",United Kingdom,"January 15, 2023",1990,R,75 min,Documentary,Sample description for title 43
s44,TV Show,Netflix Title 44,Director 44,"Actor A, Actor B 4",United States,"January 16, 2023",1997,TV-14,1 Seasons,Thriller,Sample description for title 44
s45,Movie,Netflix Title 45,Director 45,"Actor A, Actor B 5",Japan,"January 17, 2023",2018,R,75 min,Drama,Sample description for title 45
s46,Movie,Netflix Title 46,Director 46,"Actor A, Actor B 6",South Korea,"January 18, 2023",1992,TV-PG,71 min,Drama,Sample description for title 46
s47,Movie,Netflix Title 47,Director 47,"Actor A, Actor B 7",Canada,"January 19, 2023",2021,R,67 min,Comedy,Sample description for title 47
s48,Movie,Netflix Title 48,Director 48,"Actor A, Actor B 8",United States,"January 20, 2023",1999,TV-PG,143 min,Documentary,Sample description for title 48
s49,Movie,Netflix Title 49,Director 49,"Actor A, Actor B 9",Japan,"January 21, 2023",1999,PG-13,62 min,Drama,Sample description for title 49
s50,Movie,Netflix Title 50,Director 0,"Actor A, Actor B 10",Japan,"January 22, 2023",2008,PG-13,75 min,Action,Sample description for title 50
s51,TV Show,Netflix Title 51,Director 1,"Actor A, Actor B 11",South Korea,"January 23, 2023",2023,R,7 Seasons,Documentary,Sample description for title 51
s52,TV Show,Netflix Title 52,Director 2,"Actor A, Actor B 12",United Kingdom,"January 24, 2023",2022,R,3 Seasons,Action,Sample description for title 52
s53,TV Show,Netflix Title 53,Director 3,"Actor A, Actor B 13",Japan,"January 25, 2023",2012,TV-PG,8 Seasons,Action,Sample description for title 53
s54,TV Show,Netflix Title 54,Director 4,"Actor A, Actor B 14",Japan,"January 26, 2023",2017,TV-14,6 Seasons,Drama,Sample description for title 54
s55,Movie,Netflix Title 55,Director 5,"Actor A, Actor B 15",Japan,"January 27, 2023",2021,TV-PG,64 min,Documentary,Sample description for title 55
s56,TV Show,Netflix Title 56,Director 6,"Actor A, Actor B 16",Japan,"January 28, 2023",1996,TV-14,4 Seasons,Thriller,Sample description for title 56
s57,Movie,Netflix Title 57,Director 7,"Actor A, Actor B 17",India,"January 1, 2023",2018,PG-13,163 min,Romance,Sample description for title 57
s58,Movie,Netflix Title 58,Director 8,"Actor A, Actor B 18",India,"January 2, 2023",1997,TV-MA,179 min,Drama,Sample description for title 58
s59,Movie,Netflix Title 59,Director 9,"Actor A, Actor B 19",United Kingdom,"January 3, 2023",1990,R,167 min,Drama,Sample description for title 59
s60,Movie,Netflix Title 60,Director 10,"Actor A, Actor B 0",United States,"January 4, 2023",1992,TV-14,124 min,Thriller,Sample description for title 60
s61,Movie,Netflix Title 61,Director 11,"Actor A, Actor B 1",Japan,"January 5, 2023",2013,TV-PG,89 min,Documentary,Sample description for title 61
s62,Movie,Netflix Title 62,Director 12,"Actor A, Actor B 2",South Korea,"January 6, 2023",2012,PG-13,80 min,Documentary,Sample description for title 62
s63,TV Show,Netflix Title 63,Director 13,"Actor A, Actor B 3",United States,"January 7, 2023",1997,TV-14,4 Seasons,Action,Sample description for title 63
s64,Movie,Netflix Title 64,Director 14,"Actor A, Actor B 4",South Korea,"January 8, 2023",1992,TV-PG,129 min,Thriller,Sample description for title 64
s65,Movie,Netflix Title 65,Director 15,"Actor A, Actor B 5",United States,"January 9, 2023",2022,R,81 min,Thriller,Sample description for title 65
s66,Movie,Netflix Title 66,Director 16,"Actor A, Actor B 6",United Kingdom,"January 10, 2023",2017,R,141 min,Documentary,Sample description for title 66
s67,Movie,Netflix Title 67,Director 17,"Actor A, Actor B 7",Japan,"January 11, 2023",1997,PG,131 min,Action,Sample description for title 67
s68,TV Show,Netflix Title 68,Director 18,"Actor A, Actor B 8",Japan,"January 12, 2023",2023,TV-MA,7 Seasons,Drama,Sample description for title 68
s69,Movie,Netflix Title 69,Director 19,"Actor A, Actor B 9",Canada,"January 13, 2023",2024,PG,91 min,Comedy,Sample description for title 69
s70,TV Show,Netflix Title 70,Director 20,"Actor A, Actor B 10",South Korea,"January 14, 2023",2021,PG-13,1 Seasons,Romance,Sample description for title 70
s71,TV Show,Netflix Title 71,Director 21,"Actor A, Actor B 11",United States,"January 15, 2023",2013,TV-14,5 Seasons,Drama,Sample description for title 71
s72,Movie,Netflix Title 72,Director 22,"Actor A, Actor B 12",United States,"January 16, 2023",2003,PG-13,75 min,Documentary,Sample description for title 72
s73,Movie,Netflix Title 73,Director 23,"Actor A, Actor B 13",India,"January 17, 2023",2021,TV-PG,135 min,Romance,Sample description for title 73
s74,TV Show,Netflix Title 74,Director 24,"Actor A, Actor B 14",Canada,"January 18, 2023",2005,R,6 Seasons,Comedy,Sample description for title 74
s75,TV Show,Netflix Title 75,Director 25,"Actor A, Actor B 15",India,"January 19, 2023",1993,PG,4 Seasons,Comedy,Sample description for title 75
s76,TV Show,Netflix Title 76,Director 26,"Actor A, Actor B 16",India,"January 20, 2023",2010,PG,2 Seasons,Action,Sample description for title 76
s77,TV Show,Netflix Title 77,Director 27,"Actor A, Actor B 17",India,"January 21, 2023",2003,PG,4 Seasons,Romance,Sample description for title 77
s78,Movie,Netflix Title 78,Director 28,"Actor A, Actor B 18",South Korea,"January 22, 2023",2020,PG-13,156 min,Action,Sample description for title 78
s79,Movie,Netflix Title 79,Director 29,"Actor A, Actor B 19",South Korea,"January 23, 2023",2007,R,82 min,Drama,Sample description for title 79
s80,Movie,Netflix Title 80,Director 30,"Actor A, Actor B 0",United Kingdom,"January 24, 2023",1996,TV-14,173 min,Thriller,Sample description for title 80
s81,TV Show,Netflix Title 81,Director 31,"Actor A, Actor B 1",United Kingdom,"January 25, 2023",1999,TV-PG,2 Seasons,Thriller,Sample description for title 81
s82,Movie,Netflix Title 82,Director 32,"Actor A, Actor B 2",India,"January 26, 2023",1996,TV-14,164 min,Thriller,Sample description for title 82
s83,Movie,Netflix Title 83,Director 33,"Actor A, Actor B 3",Canada,"January 27, 2023",2022,PG-13,144 min,Romance,Sample description for title 83
s84,Movie,Netflix Title 84,Director 34,"Actor A, Actor B 4",United States,"January 28, 2023",2012,TV-PG,61 min,Thriller,Sample description for title 84
s85,Movie,Netflix Title 85,Director 35,"Actor A, Actor B 5",South Korea,"January 1, 2023",2010,PG,150 min,Drama,Sample description for title 85
s86,Movie,Netflix Title 86,Director 36,"Actor A, Actor B 6",Canada,"January 2, 2023",2008,TV-MA,132 min,Action,Sample description for title 86
s87,TV Show,Netflix Title 87,Director 37,"Actor A, Actor B 7",Japan,"January 3, 2023",2008,PG-13,1 Seasons,Romance,Sample description for title 87
s88,Movie,Netflix Title 88,Director 38,"Actor A, Actor B 8",South Korea,"January 4, 2023",2018,PG-13,134 min,Action,Sample description for title 88
s89,TV Show,Netflix Title 89,Director 39,"Actor A, Actor B 9",South Korea,"January 5, 2023",2007,R,3 Seasons,Romance,Sample description for title 89
s90,Movie,Netflix Title 90,Director 40,"Actor A, Actor B 10",United Kingdom,"January 6, 2023",1991,TV-14,111 min,Action,Sample description for title 90
s91,Movie,Netflix Title 91,Director 41,"Actor A, Actor B 11",United States,"January 7, 2023",1990,PG-13,121 min,Comedy,Sample description for title 91
s92,TV Show,Netflix Title 92,Director 42,"Actor A, Actor B 12",United States,"January 8, 2023",1994,PG-13,7 Seasons,Action,Sample description for title 92
s93,TV Show,Netflix Title 93,Director 43,"Actor A, Actor B 13",Japan,"January 9, 2023",2009,PG,4 Seasons,Thriller,Sample description for title 93
s94,Movie,Netflix Title 94,Director 44,"Actor A, Actor B 14",Japan,"January 10, 2023",2000,PG,141 min,Comedy,Sample description for title 94
s95,TV Show,Netflix Title 95,Director 45,"Actor A, Actor B 15",South Korea,"January 11, 2023",1991,TV-PG,7 Seasons,Action,Sample description for title 95
s96,Movie,Netflix Title 96,Director 46,"Actor A, Actor B 16",India,"January 12, 2023",1992,TV-MA,65 min,Romance,Sample description for title 96
s97,Movie,Netflix Title 97,Director 47,"Actor A, Actor B 17",United Kingdom,"January 13, 2023",2012,R,94 min,Romance,Sample description for title 97
s98,Movie,Netflix Title 98,Director 48,"Actor A, Actor B 18",United Kingdom,"January 14, 2023",2001,TV-MA,81 min,Romance,Sample description for title 98
s99,Movie,Netflix Title 99,Director 49,"Actor A, Actor B 19",South Korea,"January 15, 2023",2009,TV-PG,102 min,Documentary,Sample description for title 99
s100,Movie,Netflix Title 100,Director 0,"Actor A, Actor B 0",Canada,"January 16, 2023",1994,PG,74 min,Drama,Sample description for title 100
s101,Movie,Netflix Title 101,Director 1,"Actor A, Actor B 1",India,"January 17, 2023",2019,TV-14,145 min,Romance,Sample description for title 101
s102,Movie,Netflix Title 102,Director 2,"Actor A, Actor B 2",South Korea,"January 18, 2023",1998,PG,119 min,Comedy,Sample description for title 102
s103,Movie,Netflix Title 103,Director 3,"Actor A, Actor B 3",India,"January 19, 2023",2023,R,160 min,Romance,Sample description for title 103
s104,Movie,Netflix Title 104,Director 4,"Actor A, Actor B 4",India,"January 20, 2023",2024,PG,175 min,Documentary,Sample description for title 104
s105,TV Show,Netflix Title 105,Director 5,"Actor A, Actor B 5",India,"January 21, 2023",2011,R,1 Seasons,Thriller,Sample description for title 105
s106,Movie,Netflix Title 106,Director 6,"Actor A, Actor B 6",South Korea,"January 22, 2023",2013,R,101 min,Comedy,Sample description for title 106
s107,Movie,Netflix Title 107,Director 7,"Actor A, Actor B 7",United Kingdom,"January 23, 2023",2006,R,97 min,Documentary,Sample description for title 107
s108,TV Show,Netflix Title 108,Director 8,"Actor A, Actor B 8",United Kingdom,"January 24, 2023",1999,TV-PG,2 Seasons,Thriller,Sample description for title 108
s109,Movie,Netflix Title 109,Director 9,"Actor A, Actor B 9",India,"January 25, 2023",2019,R,104 min,Comedy,Sample description for title 109
s110,Movie,Netflix Title 110,Director 10,"Actor A, Actor B 10",Canada,"January 26, 2023",2012,R,94 min,Action,Sample description for title 110
s111,Movie,Netflix Title 111,Director 11,"Actor A, Actor B 11",United States,"January 27, 2023",2021,TV-14,89 min,Drama,Sample description for title 111
s112,Movie,Netflix Title 112,Director 12,"Actor A, Actor B 12",South Korea,"January 28, 2023",2006,TV-MA,147 min,Drama,Sample description for title 112
s113,TV Show,Netflix Title 113,Director 13,"Actor A, Actor B 13",United States,"January 1, 2023",2006,PG-13,6 Seasons,Documentary,Sample description for title 113
s114,TV Show,Netflix Title 114,Director 14,"Actor A, Actor B 14",Canada,"January 2, 2023",2003,TV-MA,3 Seasons,Thriller,Sample description for title 114
s115,Movie,Netflix Title 115,Director 15,"Actor A, Actor B 15",South Korea,"January 3, 2023",1998,R,139 min,Drama,Sample description for title 115
s116,TV Show,Netflix Title 116,Director 16,"Actor A, Actor B 16",India,"January 4, 2023",1991,TV-14,7 Seasons,Thriller,Sample description for title 116
s117,TV Show,Netflix Title 117,Director 17,"Actor A, Actor B 17",United Kingdom,"January 5, 2023",2014,PG,4 Seasons,Thriller,Sample description for title 117
s118,Movie,Netflix Title 118,Director 18,"Actor A, Actor B 18",United States,"January 6, 2023",1998,TV-14,73 min,Documentary,Sample description for title 118
s119,TV Show,Netflix Title 119,Director 19,"Actor A, Actor B 19",Japan,"January 7, 2023",2011,R,9 Seasons,Documentary,Sample description for title 119
s120,Movie,Netflix Title 120,Director 20,"Actor A, Actor B 0",Japan,"January 8, 2023",1993,TV-14,74 min,Documentary,Sample description for title 120
s121,TV Show,Netflix Title 121,Director 21,"Actor A, Actor B 1",Canada,"January 9, 2023",2015,TV-14,5 Seasons,Drama,Sample description for title 121
s122,TV Show,Netflix Title 122,Director 22,"Actor A, Actor B 2",India,"January 10, 2023",2018,R,3 Seasons,Documentary,Sample description for title 122
s123,Movie,Netflix Title 123,Director 23,"Actor A, Actor B 3",United States,"January 11, 2023",2023,TV-PG,125 min,Drama,Sample description for title 123
s124,Movie,Netflix Title 124,Director 24,"Actor A, Actor B 4",India,"January 12, 2023",2012,TV-14,150 min,Documentary,Sample description for title 124
s125,Movie,Netflix Title 125,Director 25,"Actor A, Actor B 5",United States,"January 13, 2023",2000,PG-13,61 min,Romance,Sample description for title 125
s126,Movie,Netflix Title 126,Director 26,"Actor A, Actor B 6",Canada,"January 14, 2023",1995,PG-13,94 min,Thriller,Sample description for title 126
s127,TV Show,Netflix Title 127,Director 27,"Actor A, Actor B 7",Canada,"January 15, 2023",2007,TV-14,2 Seasons,Documentary,Sample description for title 127
s128,TV Show,Netflix Title 128,Director 28,"Actor A, Actor B 8",Japan,"January 16, 2023",2010,TV-PG,4 Seasons,Comedy,Sample description for title 128
s129,Movie,Netflix Title 129,Director 29,"Actor A, Actor B 9",India,"January 17, 2023",2023,PG,141 min,Thriller,Sample description for title 129
s130,Movie,Netflix Title 130,Director 30,"Actor A, Actor B 10",South Korea,"January 18, 2023",2006,R,69 min,Thriller,Sample description for title 130
s131,Movie,Netflix Title 131,Director 31,"Actor A, Actor B 11",Japan,"January 19, 2023",2014,PG-13,84 min,Documentary,Sample description for title 131
s132,Movie,Netflix Title 132,Director 32,"Actor A, Actor B 12",India,"January 20, 2023",2001,PG,125 min,Action,Sample description for title 132
s133,Movie,Netflix Title 133,Director 33,"Actor A, Actor B 13",Japan,"January 21, 2023",2012,TV-14,84 min,Documentary,Sample description for title 133
s134,Movie,Netflix Title 134,Director 34,"Actor A, Actor B 14",South Korea,"January 22, 2023",2011,PG,113 min,Thriller,Sample description for title 134
s135,TV Show,Netflix Title 135,Director 35,"Actor A, Actor B 15",United Kingdom,"January 23, 2023",2010,TV-MA,1 Seasons,Comedy,Sample description for title 135
s136,Movie,Netflix Title 136,Director 36,"Actor A, Actor B 16",United Kingdom,"January 24, 2023",2016,PG-13,95 min,Thriller,Sample description for title 136
s137,Movie,Netflix Title 137,Director 37,"Actor A, Actor B 17",United Kingdom,"January 25, 2023",2020,TV-14,154 min,Comedy,Sample description for title 137
s138,TV Show,Netflix Title 138,Director 38,"Actor A, Actor B 18",United Kingdom,"January 26, 2023",1995,R,1 Seasons,Drama,Sample description for title 138
s139,Movie,Netflix Title 139,Director 39,"Actor A, Actor B 19",United States,"January 27, 2023",2016,TV-PG,169 min,Romance,Sample description for title 139
s140,TV Show,Netflix Title 140,Director 40,"Actor A, Actor B 0",United Kingdom,"January 28, 2023",2023,TV-14,6 Seasons,Thriller,Sample description for title 140
s141,TV Show,Netflix Title 141,Director 41,"Actor A, Actor B 1",South Korea,"January 1, 2023",2001,R,4 Seasons,Documentary,Sample description for title 141
s142,Movie,Netflix Title 142,Director 42,"Actor A, Actor B 2",Canada,"January 2, 2023",1996,TV-PG,62 min,Drama,Sample description for title 142
s143,Movie,Netflix Title 143,Director 43,"Actor A, Actor B 3",Canada,"January 3, 2023",1999,TV-PG,158 min,Romance,Sample description for title 143
s144,Movie,Netflix Title 144,Director 44,"Actor A, Actor B 4",United States,"January 4, 2023",2006,TV-14,100 min,Documentary,Sample description for title 144
s145,Movie,Netflix Title 145,Director 45,"Actor A, Actor B 5",United Kingdom,"January 5, 2023",2015,PG,65 min,Action,Sample description for title 145
s146,Movie,Netflix Title 146,Director 46,"Actor A, Actor B 6",United Kingdom,"January 6, 2023",2010,PG,84 min,Documentary,Sample description for title 146
s147,Movie,Netflix Title 147,Director 47,"Actor A, Actor B 7",United Kingdom,"January 7, 2023",2017,TV-PG,72 min,Comedy,Sample description for title 147
s148,Movie,Netflix Title 148,Director 48,"Actor A, Actor B 8",Japan,"January 8, 2023",1991,PG,176 min,Comedy,Sample description for title 148
s149,Movie,Netflix Title 149,Director 49,"Actor A, Actor B 9",India,"January 9, 2023",1990,TV-MA,157 min,Action,Sample description for title 149
s150,Movie,Netflix Title 150,Director 0,"Actor A, Actor B 10",Japan,"January 10, 2023",2015,TV-PG,67 min,Drama,Sample description for title 150
s151,TV Show,Netflix Title 151,Director 1,"Actor A, Actor B 11",India,"January 11, 2023",2018,TV-PG,5 Seasons,Romance,Sample description for title 151
s152,Movie,Netflix Title 152,Director 2,"Actor A, Actor B 12",United Kingdom,"January 12, 2023",2010,R,157 min,Documentary,Sample description for title 152
s153,Movie,Netflix Title 153,Director 3,"Actor A, Actor B 13",United Kingdom,"January 13, 2023",2000,PG,127 min,Comedy,Sample description for title 153
s154,Movie,Netflix Title 154,Director 4,"Actor A, Actor B 14",Japan,"January 14, 2023",2000,TV-PG,84 min,Drama,Sample description for title 154
s155,TV Show,Netflix Title 155,Director 5,"Actor A, Actor B 15",Japan,"January 15, 2023",2024,TV-MA,4 Seasons,Action,Sample description for title 155
s156,Movie,Netflix Title 156,Director 6,"Actor A, Actor B 16",India,"January 16, 2023",2023,R,104 min,Thriller,Sample description for title 156
s157,Movie,Netflix Title 157,Director 7,"Actor A, Actor B 17",Canada,"January 17, 2023",2013,TV-14,119 min,Comedy,Sample description for title 157
s158,TV Show,Netflix Title 158,Director 8,"Actor A, Actor B 18",India,"January 18, 2023",2011,TV-PG,4 Seasons,Action,Sample description for title 158
s159,Movie,Netflix Title 159,Director 9,"Actor A, Actor B 19",Japan,"January 19, 2023",1994,TV-MA,77 min,Documentary,Sample description for title 159
s160,TV Show,Netflix Title 160,Director 10,"Actor A, Actor B 0",South Korea,"January 20, 2023",2022,PG-13,6 Seasons,Romance,Sample description for title 160
s161,Movie,Netflix Title 161,Director 11,"Actor A, Actor B 1",Japan,"January 21, 2023",2009,TV-MA,91 min,Comedy,Sample description for title 161
s162,Movie,Netflix Title 162,Director 12,"Actor A, Actor B 2",South Korea,"January 22, 2023",2008,TV-MA,152 min,Comedy,Sample description for title 162
s163,Movie,Netflix Title 163,Director 13,"Actor A, Actor B 3",United States,"January 23, 2023",2024,R,102 min,Documentary,Sample description for title 163
s164,Movie,Netflix Title 164,Director 14,"Actor A, Actor B 4",Japan,"January 24, 2023",2006,TV-14,61 min,Thriller,Sample description for title 164
s165,Movie,Netflix Title 165,Director 15,"Actor A, Actor B 5",United States,"January 25, 2023",2023,PG-13,119 min,Drama,Sample description for title 165
s166,TV Show,Netflix Title 166,Director 16,"Actor A, Actor B 6",Canada,"January 26, 2023",1998,PG,7 Seasons,Romance,Sample description for title 166
s167,Movie,Netflix Title 167,Director 17,"Actor A, Actor B 7",India,"January 27, 2023",2015,PG,142 min,Comedy,Sample description for title 167
s168,Movie,Netflix Title 168,Director 18,"Actor A, Actor B 8",South Korea,"January 28, 2023",1991,TV-MA,90 min,Romance,Sample description for title 168
s169,Movie,Netflix Title 169,Director 19,"Actor A, Actor B 9",India,"January 1, 2023",1998,R,174 min,Comedy,Sample description for title 169
s170,Movie,Netflix Title 170,Director 20,"Actor A, Actor B 10",United States,"January 2, 2023",1998,R,64 min,Romance,Sample description for title 170
s171,Movie,Netflix Title 171,Director 21,"Actor A, Actor B 11",South Korea,"January 3, 2023",2006,PG,142 min,Action,Sample description for title 171
s172,Movie,Netflix Title 172,Director 22,"Actor A, Actor B 12",India,"January 4, 2023",1990,PG-13,93 min,Comedy,Sample description for title 172
s173,Movie,Netflix Title 173,Director 23,"Actor A, Actor B 13",Japan,"January 5, 2023",2014,TV-14,69 min,Romance,Sample description for title 173
s174,Movie,Netflix Title 174,Director 24,"Actor A, Actor B 14",United Kingdom,"January 6, 2023",2014,PG-13,148 min,Drama,Sample description for title 174
s175,Movie,Netflix Title 175,Director 25,"Actor A, Actor B 15",United States,"January 7, 2023",2024,TV-PG,61 min,Action,Sample description for title 175
s176,Movie,Netflix Title 176,Director 26,"Actor A, Actor B 16",India,"January 8, 2023",1992,TV-PG,70 min,Action,Sample description for title 176
s177,Movie,Netflix Title 177,Director 27,"Actor A, Actor B 17",United States,"January 9, 2023",2019,TV-14,109 min,Drama,Sample description for title 177
s178,Movie,Netflix Title 178,Director 28,"Actor A, Actor B 18",United States,"January 10, 2023",2023,PG,90 min,Romance,Sample description for title 178
s179,TV Show,Netflix Title 179,Director 29,"Actor A, Actor B 19",South Korea,"January 11, 2023",2001,TV-14,8 Seasons,Documentary,Sample description for title 179
s180,Movie,Netflix Title 180,Director 30,"Actor A, Actor B 0",South Korea,"January 12, 2023",2008,R,138 min,Drama,Sample description for title 180
s181,Movie,Netflix Title 181,Director 31,"Actor A, Actor B 1",United Kingdom,"January 13, 2023",2006,TV-PG,132 min,Romance,Sample description for title 181
s182,Movie,Netflix Title 182,Director 32,"Actor A, Actor B 2",Japan,"January 14, 2023",1999,TV-MA,146 min,Drama,Sample description for title 182
s183,TV Show,Netflix Title 183,Director 33,"Actor A, Actor B 3",United States,"January 15, 2023",2001,TV-MA,3 Seasons,Drama,Sample description for title 183
s184,TV Show,Netflix Title 184,Director 34,"Actor A, Actor B 4",India,"January 16, 2023",2005,PG,9 Seasons,Comedy,Sample description for title 184
s185,Movie,Netflix Title 185,Director 35,"Actor A, Actor B 5",Canada,"January 17, 2023",2013,R,158 min,Romance,Sample description for title 185
s186,Movie,Netflix Title 186,Director 36,"Actor A, Actor B 6",United States,"January 18, 2023",2008,PG-13,80 min,Documentary,Sample description for title 186
s187,TV Show,Netflix Title 187,Director 37,"Actor A, Actor B 7",United States,"January 19, 2023",1997,R,9 Seasons,Comedy,Sample description for title 187
s188,Movie,Netflix Title 188,Director 38,"Actor A, Actor B 8",United Kingdom,"January 20, 2023",2020,TV-MA,87 min,Drama,Sample description for title 188
s189,Movie,Netflix Title 189,Director 39,"Actor A, Actor B 9",Japan,"January 21, 2023",2010,TV-MA,121 min,Thriller,Sample description for title 189
s190,Movie,Netflix Title 190,Director 40,"Actor A, Actor B 10",Canada,"January 22, 2023",2006,TV-PG,169 min,Drama,Sample description for title 190
s191,Movie,Netflix Title 191,Director 41,"Actor A, Actor B 11",South Korea,"January 23, 2023",2012,R,174 min,Drama,Sample description for title 191
s192,TV Show,Netflix Title 192,Director 42,"Actor A, Actor B 12",South Korea,"January 24, 2023",2005,R,7 Seasons,Romance,Sample description for title 192
s193,TV Show,Netflix Title 193,Director 43,"Actor A, Actor B 13",India,"January 25, 2023",1995,TV-MA,1 Seasons,Romance,Sample description for title 193
s194,Movie,Netflix Title 194,Director 44,"Actor A, Actor B 14",Canada,"January 26, 2023",1997,PG-13,63 min,Comedy,Sample description for title 194
s195,Movie,Netflix Title 195,Director 45,"Actor A, Actor B 15",South Korea,"January 27, 2023",2014,PG,63 min,Documentary,Sample description for title 195
s196,Movie,Netflix Title 196,Director 46,"Actor A, Actor B 16",India,"January 28, 2023",2007,PG,162 min,Comedy,Sample description for title 196
s197,TV Show,Netflix Title 197,Director 47,"Actor A, Actor B 17",Japan,"January 1, 2023",2014,R,8 Seasons,Action,Sample description for title 197
s198,TV Show,Netflix Title 198,Director 48,"Actor A, Actor B 18",India,"January 2, 2023",2001,PG,1 Seasons,Drama,Sample description for title 198
s199,TV Show,Netflix Title 199,Director 49,"Actor A, Actor B 19",South Korea,"January 3, 2023",2004,TV-MA,5 Seasons,Thriller,Sample description for title 199
s200,TV Show,Netflix Title 200,Director 0,"Actor A, Actor B 0",United Kingdom,"January 4, 2023",2015,TV-MA,7 Seasons,Drama,Sample description for title 200
s201,Movie,Netflix Title 201,Director 1,"Actor A, Actor B 1",United Kingdom,"January 5, 2023",2015,R,111 min,Drama,Sample description for title 201
s202,Movie,Netflix Title 202,Director 2,"Actor A, Actor B 2",United Kingdom,"January 6, 2023",2021,R,152 min,Comedy,Sample description for title 202
s203,Movie,Netflix Title 203,Director 3,"Actor A, Actor B 3",South Korea,"January 7, 2023",1999,TV-PG,111 min,Thriller,Sample description for title 203
s204,TV Show,Netflix Title 204,Director 4,"Actor A, Actor B 4",United Kingdom,"January 8, 2023",2005,R,4 Seasons,Thriller,Sample description for title 204
s205,Movie,Netflix Title 205,Director 5,"Actor A, Actor B 5",Canada,"January 9, 2023",1996,PG-13,97 min,Thriller,Sample description for title 205
s206,Movie,Netflix Title 206,Director 6,"Actor A, Actor B 6",Japan,"January 10, 2023",2006,PG,162 min,Comedy,Sample description for title 206
s207,Movie,Netflix Title 207,Director 7,"Actor A, Actor B 7",India,"January 11, 2023",2012,R,109 min,Drama,Sample description for title 207
s208,Movie,Netflix Title 208,Director 8,"Actor A, Actor B 8",India,"January 12, 2023",2015,TV-14,122 min,Comedy,Sample description for title 208
s209,Movie,Netflix Title 209,Director 9,"Actor A, Actor B 9",South Korea,"January 13, 2023",2010,TV-PG,160 min,Romance,Sample description for title 209
s210,Movie,Netflix Title 210,Director 10,"Actor A, Actor B 10",United Kingdom,"January 14, 2023",2011,TV-14,175 min,Romance,Sample description for title 210
s211,Movie,Netflix Title 211,Director 11,"Actor A, Actor B 11",United Kingdom,"January 15, 2023",1996,TV-MA,122 min,Comedy,Sample description for title 211
s212,Movie,Netflix Title 212,Director 12,"Actor A, Actor B 12",United States,"January 16, 2023",2003,PG,121 min,Thriller,Sample description for title 212
s213,Movie,Netflix Title 213,Director 13,"Actor A, Actor B 13",Japan,"January 17, 2023",2004,R,158 min,Drama,Sample description for title 213
s214,Movie,Netflix Title 214,Director 14,"Actor A, Actor B 14",Canada,"January 18, 2023",1996,TV-14,66 min,Comedy,Sample description for title 214
s215,TV Show,Netflix Title 215,Director 15,"Actor A, Actor B 15",India,"January 19, 2023",1998,PG,6 Seasons,Comedy,Sample description for title 215
s216,Movie,Netflix Title 216,Director 16,"Actor A, Actor B 16",United States,"January 20, 2023",1997,TV-MA,73 min,Comedy,Sample description for title 216
s217,Movie,Netflix Title 217,Director 17,"Actor A, Actor B 17",United States,"January 21, 2023",2012,PG-13,130 min,Action,Sample description for title 217
s218,TV Show,Netflix Title 218,Director 18,"Actor A, Actor B 18",South Korea,"January 22, 2023",2018,TV-PG,5 Seasons,Romance,Sample description for title 218
s219,Movie,Netflix Title 219,Director 19,"Actor A, Actor B 19",India,"January 23, 2023",2007,PG,145 min,Thriller,Sample description for title 219
s220,TV Show,Netflix Title 220,Director 20,"Actor A, Actor B 0",South Korea,"January 24, 2023",2020,PG,5 Seasons,Documentary,Sample description for title 220
s221,Movie,Netflix Title 221,Director 21,"Actor A, Actor B 1",Canada,"January 25, 2023",2019,PG-13,114 min,Thriller,Sample description for title 221
s222,Movie,Netflix Title 222,Director 22,"Actor A, Actor B 2",United States,"January 26, 2023",2024,PG,61 min,Documentary,Sample description for title 222
s223,Movie,Netflix Title 223,Director 23,"Actor A, Actor B 3",United States,"January 27, 2023",2007,TV-MA,121 min,Action,Sample description for title 223
s224,Movie,Netflix Title 224,Director 24,"Actor A, Actor B 4",Japan,"January 28, 2023",2006,TV-MA,150 min,Comedy,Sample description for title 224
s225,Movie,Netflix Title 225,Director 25,"Actor A, Actor B 5",Canada,"January 1, 2023",2003,PG-13,80 min,Action,Sample description for title 225
s226,Movie,Netflix Title 226,Director 26,"Actor A, Actor B 6",United States,"January 2, 2023",2020,TV-PG,177 min,Action,Sample description for title 226
s227,TV Show,Netflix Title 227,Director 27,"Actor A, Actor B 7",Canada,"January 3, 2023",2013,R,6 Seasons,Drama,Sample description for title 227
s228,Movie,Netflix Title 228,Director 28,"Actor A, Actor B 8",India,"January 4, 2023",2024,TV-14,138 min,Romance,Sample description for title 228
s229,TV Show,Netflix Title 229,Director 29,"Actor A, Actor B 9",United Kingdom,"January 5, 2023",2023,R,5 Seasons,Documentary,Sample description for title 229
s230,Movie,Netflix Title 230,Director 30,"Actor A, Actor B 10",United States,"January 6, 2023",1992,PG,69 min,Comedy,Sample description for title 230
s231,TV Show,Netflix Title 231,Director 31,"Actor A, Actor B 11",Japan,"January 7, 2023",2015,TV-14,7 Seasons,Documentary,Sample description for title 231
s232,Movie,Netflix Title 232,Director 32,"Actor A, Actor B 12",India,"January 8, 2023",2012,PG-13,117 min,Thriller,Sample description for title 232
s233,Movie,Netflix Title 233,Director 33,"Actor A, Actor B 13",Canada,"January 9, 2023",2004,PG-13,179 min,Documentary,Sample description for title 233
s234,Movie,Netflix Title 234,Director 34,"Actor A, Actor B 14",South Korea,"January 10, 2023",1993,TV-PG,98 min,Thriller,Sample description for title 234
s235,Movie,Netflix Title 235,Director 35,"Actor A, Actor B 15",India,"January 11, 2023",2018,TV-14,64 min,Romance,Sample description for title 235
s236,TV Show,Netflix Title 236,Director 36,"Actor A, Actor B 16",United States,"January 12, 2023",2011,TV-MA,1 Seasons,Thriller,Sample description for title 236
s237,Movie,Netflix Title 237,Director 37,"Actor A, Actor B 17",Canada,"January 13, 2023",2014,TV-14,72 min,Documentary,Sample description for title 237
s238,Movie,Netflix Title 238,Director 38,"Actor A, Actor B 18",United Kingdom,"January 14, 2023",2002,PG,144 min,Documentary,Sample description for title 238
s239,Movie,Netflix Title 239,Director 39,"Actor A, Actor B 19",India,"January 15, 2023",2007,TV-MA,149 min,Thriller,Sample description for title 239
s240,Movie,Netflix Title 240,Director 40,"Actor A, Actor B 0",United States,"January 16, 2023",2022,PG-13,173 min,Action,Sample description for title 240
s241,TV Show,Netflix Title 241,Director 41,"Actor A, Actor B 1",Japan,"January 17, 2023",2005,TV-14,5 Seasons,Romance,Sample description for title 241
s242,TV Show,Netflix Title 242,Director 42,"Actor A, Actor B 2",South Korea,"January 18, 2023",1991,R,5 Seasons,Drama,Sample description for title 242
s243,TV Show,Netflix Title 243,Director 43,"Actor A, Actor B 3",Canada,"January 19, 2023",2024,TV-PG,2 Seasons,Comedy,Sample description for title 243
s244,Movie,Netflix Title 244,Director 44,"Actor A, Actor B 4",India,"January 20, 2023",2023,R,160 min,Documentary,Sample description for title 244
s245,Movie,Netflix Title 245,Director 45,"Actor A, Actor B 5",India,"January 21, 2023",2019,TV-PG,104 min,Comedy,Sample description for title 245
s246,TV Show,Netflix Title 246,Director 46,"Actor A, Actor B 6",United Kingdom,"January 22, 2023",2002,PG,4 Seasons,Drama,Sample description for title 246
s247,Movie,Netflix Title 247,Director 47,"Actor A, Actor B 7",United Kingdom,"January 23, 2023",2002,R,140 min,Comedy,Sample description for title 247
s248,TV Show,Netflix Title 248,Director 48,"Actor A, Actor B 8",Japan,"January 24, 2023",2007,TV-14,3 Seasons,Drama,Sample description for title 248
s249,TV Show,Netflix Title 249,Director 49,"Actor A, Actor B 9",South Korea,"January 25, 2023",2021,TV-14,1 Seasons,Thriller,Sample description for title 249
s250,TV Show,Netflix Title 250,Director 0,"Actor A, Actor B 10",Japan,"January 26, 2023",2021,R,5 Seasons,Action,Sample description for title 250
s251,Movie,Netflix Title 251,Director 1,"Actor A, Actor B 11",United States,"January 27, 2023",2024,TV-14,111 min,Documentary,Sample description for title 251
s252,Movie,Netflix Title 252,Director 2,"Actor A, Actor B 12",United States,"January 28, 2023",2018,PG,114 min,Drama,Sample description for title 252
s253,TV Show,Netflix Title 253,Director 3,"Actor A, Actor B 13",Japan,"January 1, 2023",2018,TV-MA,5 Seasons,Comedy,Sample description for title 253
s254,Movie,Netflix Title 254,Director 4,"Actor A, Actor B 14",South Korea,"January 2, 2023",2005,PG,85 min,Documentary,Sample description for title 254
s255,Movie,Netflix Title 255,Director 5,"Actor A, Actor B 15",Japan,"January 3, 2023",1999,TV-PG,127 min,Action,Sample description for title 255
s256,Movie,Netflix Title 256,Director 6,"Actor A, Actor B 16",South Korea,"January 4, 2023",2019,PG,93 min,Thriller,Sample description for title 256
s257,TV Show,Netflix Title 257,Director 7,"Actor A, Actor B 17",South Korea,"January 5, 2023",2014,TV-PG,4 Seasons,Documentary,Sample description for title 257
s258,Movie,Netflix Title 258,Director 8,"Actor A, Actor B 18",Canada,"January 6, 2023",2009,TV-14,171 min,Drama,Sample description for title 258
s259,Movie,Netflix Title 259,Director 9,"Actor A, Actor B 19",South Korea,"January 7, 2023",1994,TV-MA,141 min,Action,Sample description for title 259
s260,Movie,Netflix Title 260,Director 10,"Actor A, Actor B 0",United Kingdom,"January 8, 2023",1990,TV-14,163 min,Comedy,Sample description for title 260
s261,Movie,Netflix Title 261,Director 11,"Actor A, Actor B 1",South Korea,"January 9, 2023",2019,PG-13,158 min,Action,Sample description for title 261
s262,TV Show,Netflix Title 262,Director 12,"Actor A, Actor B 2",South Korea,"January 10, 2023",1992,TV-14,9 Seasons,Action,Sample description for title 262
s263,Movie,Netflix Title 263,Director 13,"Actor A, Actor B 3",South Korea,"January 11, 2023",2003,TV-PG,152 min,Romance,Sample description for title 263
s264,Movie,Netflix Title 264,Director 14,"Actor A, Actor B 4",United States,"January 12, 2023",2019,TV-14,111 min,Action,Sample description for title 264
s265,TV Show,Netflix Title 265,Director 15,"Actor A, Actor B 5",United Kingdom,"January 13, 2023",1993,TV-14,6 Seasons,Action,Sample description for title 265
s266,TV Show,Netflix Title 266,Director 16,"Actor A, Actor B 6",United Kingdom,"January 14, 2023",2007,TV-MA,5 Seasons,Documentary,Sample description for title 266
s267,Movie,Netflix Title 267,Director 17,"Actor A, Actor B 7",Japan,"January 15, 2023",2014,TV-14,101 min,Comedy,Sample description for title 267
s268,TV Show,Netflix Title 268,Director 18,"Actor A, Actor B 8",Canada,"January 16, 2023",1990,TV-MA,1 Seasons,Documentary,Sample description for title 268
s269,Movie,Netflix Title 269,Director 19,"Actor A, Actor B 9",South Korea,"January 17, 2023",2004,R,164 min,Documentary,Sample description for title 269
s270,Movie,Netflix Title 270,Director 20,"Actor A, Actor B 10",India,"January 18, 2023",1998,PG-13,123 min,Drama,Sample description for title 270
s271,TV Show,Netflix Title 271,Director 21,"Actor A, Actor B 11",Canada,"January 19, 2023",2004,TV-MA,1 Seasons,Documentary,Sample description for title 271
s272,TV Show,Netflix Title 272,Director 22,"Actor A, Actor B 12",Canada,"January 20, 2023",2013,TV-PG,8 Seasons,Romance,Sample description for title 272
s273,TV Show,Netflix Title 273,Director 23,"Actor A, Actor B 13",United Kingdom,"January 21, 2023",1993,R,9 Seasons,Romance,Sample description for title 273
s274,TV Show,Netflix Title 274,Director 24,"Actor A, Actor B 14",Canada,"January 22, 2023",2001,TV-MA,9 Seasons,Drama,Sample description for title 274
s275,Movie,Netflix Title 275,Director 25,"Actor A, Actor B 15",South Korea,"January 23, 2023",1995,TV-MA,60 min,Thriller,Sample description for title 275
s276,Movie,Netflix Title 276,Director 26,"Actor A, Actor B 16",South Korea,"January 24, 2023",2013,PG-13,61 min,Comedy,Sample description for title 276
s277,TV Show,Netflix Title 277,Director 27,"Actor A, Actor B 17",United States,"January 25, 2023",2000,TV-PG,1 Seasons,Comedy,Sample description for title 277
s278,Movie,Netflix Title 278,Director 28,"Actor A, Actor B 18",South Korea,"January 26, 2023",2002,PG,69 min,Documentary,Sample description for title 278
s279,TV Show,Netflix Title 279,Director 29,"Actor A, Actor B 19",South Korea,"January 27, 2023",2023,PG,2 Seasons,Documentary,Sample description for title 279
s280,TV Show,Netflix Title 280,Director 30,"Actor A, Actor B 0",United Kingdom,"January 28, 2023",2014,TV-MA,8 Seasons,Thriller,Sample description for title 280
s281,TV Show,Netflix Title 281,Director 31,"Actor A, Actor B 1",South Korea,"January 1, 2023",1996,TV-14,5 Seasons,Documentary,Sample description for title 281
s282,Movie,Netflix Title 282,Director 32,"Actor A, Actor B 2",United States,"January 2, 2023",1993,TV-PG,87 min,Comedy,Sample description for title 282
s283,Movie,Netflix Title 283,Director 33,"Actor A, Actor B 3",India,"January 3, 2023",1997,R,134 min,Action,Sample description for title 283
s284,Movie,Netflix Title 284,Director 34,"Actor A, Actor B 4",United Kingdom,"January 4, 2023",2009,TV-14,178 min,Romance,Sample description for title 284
s285,Movie,Netflix Title 285,Director 35,"Actor A, Actor B 5",India,"January 5, 2023",2018,TV-14,93 min,Action,Sample description for title 285
s286,Movie,Netflix Title 286,Director 36,"Actor A, Actor B 6",United Kingdom,"January 6, 2023",1999,TV-PG,67 min,Action,Sample description for title 286
s287,Movie,Netflix Title 287,Director 37,"Actor A, Actor B 7",Japan,"January 7, 2023",2023,TV-MA,118 min,Comedy,Sample description for title 287
s288,Movie,Netflix Title 288,Director 38,"Actor A, Actor B 8",Canada,"January 8, 2023",2015,TV-MA,145 min,Action,Sample description for title 288
s289,Movie,Netflix Title 289,Director 39,"Actor A, Actor B 9",Japan,"January 9, 2023",1992,TV-MA,131 min,Thriller,Sample description for title 289
s290,Movie,Netflix Title 290,Director 40,"Actor A, Actor B 10",South Korea,"January 10, 2023",1995,TV-MA,108 min,Drama,Sample description for title 290
s291,Movie,Netflix Title 291,Director 41,"Actor A, Actor B 11",India,"January 11, 2023",1994,PG,138 min,Documentary,Sample description for title 291
s292,Movie,Netflix Title 292,Director 42,"Actor A, Actor B 12",South Korea,"January 12, 2023",1994,TV-MA,76 min,Drama,Sample description for title 292
s293,TV Show,Netflix Title 293,Director 43,"Actor A, Actor B 13",Canada,"January 13, 2023",2012,PG,7 Seasons,Romance,Sample description for title 293
s294,Movie,Netflix Title 294,Director 44,"Actor A, Actor B 14",United Kingdom,"January 14, 2023",1998,PG,147 min,Documentary,Sample description for title 294
s295,Movie,Netflix Title 295,Director 45,"Actor A, Actor B 15",Canada,"January 15, 2023",2024,TV-MA,104 min,Action,Sample description for title 295
s296,Movie,Netflix Title 296,Director 46,"Actor A, Actor B 16",United States,"January 16, 2023",2009,PG-13,142 min,Romance,Sample description for title 296
s297,TV Show,Netflix Title 297,Director 47,"Actor A, Actor B 17",Canada,"January 17, 2023",2024,R,5 Seasons,Documentary,Sample description for title 297
s298,Movie,Netflix Title 298,Director 48,"Actor A, Actor B 18",United States,"January 18, 2023",2007,TV-14,91 min,Thriller,Sample description for title 298
s299,Movie,Netflix Title 299,Director 49,"Actor A, Actor B 19",Canada,"January 19, 2023",2006,PG,103 min,Thriller,Sample description for title 299
s300,Movie,Netflix Title 300,Director 0,"Actor A, Actor B 0",United States,"January 20, 2023",2013,TV-PG,124 min,Thriller,Sample description for title 300
s301,Movie,Netflix Title 301,Director 1,"Actor A, Actor B 1",India,"January 21, 2023",1992,TV-PG,146 min,Thriller,Sample description for title 301
s302,Movie,Netflix Title 302,Director 2,"Actor A, Actor B 2",South Korea,"January 22, 2023",2021,R,160 min,Action,Sample description for title 302
s303,Movie,Netflix Title 303,Director 3,"Actor A, Actor B 3",South Korea,"January 23, 2023",2024,TV-PG,67 min,Drama,Sample description for title 303
s304,Movie,Netflix Title 304,Director 4,"Actor A, Actor B 4",Japan,"January 24, 2023",2002,PG-13,136 min,Documentary,Sample description for title 304
s305,TV Show,Netflix Title 305,Director 5,"Actor A, Actor B 5",South Korea,"January 25, 2023",2014,TV-PG,8 Seasons,Action,Sample description for title 305
s306,TV Show,Netflix Title 306,Director 6,"Actor A, Actor B 6",United Kingdom,"January 26, 2023",1998,TV-14,9 Seasons,Thriller,Sample description for title 306
s307,Movie,Netflix Title 307,Director 7,"Actor A, Actor B 7",Canada,"January 27, 2023",1993,TV-14,146 min,Drama,Sample description for title 307
s308,Movie,Netflix Title 308,Director 8,"Actor A, Actor B 8",Japan,"January 28, 2023",2003,PG,102 min,Romance,Sample description for title 308
s309,TV Show,Netflix Title 309,Director 9,"Actor A, Actor B 9",United Kingdom,"January 1, 2023",2023,TV-MA,1 Seasons,Romance,Sample description for title 309
s310,Movie,Netflix Title 310,Director 10,"Actor A, Actor B 10",United Kingdom,"January 2, 2023",2000,PG-13,168 min,Romance,Sample description for title 310
s311,Movie,Netflix Title 311,Director 11,"Actor A, Actor B 11",United States,"January 3, 2023",1992,PG,110 min,Thriller,Sample description for title 311
s312,Movie,Netflix Title 312,Director 12,"Actor A, Actor B 12",South Korea,"January 4, 2023",2017,PG-13,83 min,Romance,Sample description for title 312
s313,Movie,Netflix Title 313,Director 13,"Actor A, Actor B 13",India,"January 5, 2023",2018,TV-MA,158 min,Comedy,Sample description for title 313
s314,TV Show,Netflix Title 314,Director 14,"Actor A, Actor B 14",India,"January 6, 2023",1998,TV-PG,8 Seasons,Documentary,Sample description for title 314
s315,TV Show,Netflix Title 315,Director 15,"Actor A, Actor B 15",Japan,"January 7, 2023",1992,TV-PG,1 Seasons,Documentary,Sample description for title 315
s316,Movie,Netflix Title 316,Director 16,"Actor A, Actor B 16",India,"January 8, 2023",2014,TV-MA,64 min,Thriller,Sample description for title 316
s317,Movie,Netflix Title 317,Director 17,"Actor A, Actor B 17",Canada,"January 9, 2023",2023,PG,79 min,Comedy,Sample description for title 317
s318,Movie,Netflix Title 318,Director 18,"Actor A, Actor B 18",India,"January 10, 2023",2001,TV-MA,80 min,Action,Sample description for title 318
s319,Movie,Netflix Title 319,Director 19,"Actor A, Actor B 19",Japan,"January 11, 2023",1998,R,163 min,Action,Sample description for title 319
s320,Movie,Netflix Title 320,Director 20,"Actor A, Actor B 0",India,"January 12, 2023",2004,TV-14,117 min,Romance,Sample description for title 320
s321,Movie,Netflix Title 321,Director 21,"Actor A, Actor B 1",Canada,"January 13, 2023",2014,PG,90 min,Drama,Sample description for title 321
s322,TV Show,Netflix Title 322,Director 22,"Actor A, Actor B 2",United States,"January 14, 2023",1994,PG-13,4 Seasons,Action,Sample description for title 322
s323,Movie,Netflix Title 323,Director 23,"Actor A, Actor B 3",Japan,"January 15, 2023",2000,R,70 min,Drama,Sample description for title 323
s324,Movie,Netflix Title 324,Director 24,"Actor A, Actor B 4",United States,"January 16, 2023",2023,PG,111 min,Documentary,Sample description for title 324
s325,TV Show,Netflix Title 325,Director 25,"Actor A, Actor B 5",United States,"January 17, 2023",2013,TV-MA,3 Seasons,Drama,Sample description for title 325
s326,TV Show,Netflix Title 326,Director 26,"Actor A, Actor B 6",United States,"January 18, 2023",2004,TV-MA,7 Seasons,Documentary,Sample description for title 326
s327,Movie,Netflix Title 327,Director 27,"Actor A, Actor B 7",United Kingdom,"January 19, 2023",1997,TV-MA,174 min,Comedy,Sample description for title 327
s328,Movie,Netflix Title 328,Director 28,"Actor A, Actor B 8",South Korea,"January 20, 2023",1994,TV-MA,87 min,Comedy,Sample description for title 328
s329,Movie,Netflix Title 329,Director 29,"Actor A, Actor B 9",United Kingdom,"January 21, 2023",2015,PG-13,110 min,Thriller,Sample description for title 329
s330,Movie,Netflix Title 330,Director 30,"Actor A, Actor B 10",South Korea,"January 22, 2023",2007,R,166 min,Thriller,Sample description for title 330
s331,Movie,Netflix Title 331,Director 31,"Actor A, Actor B 11",United States,"January 23, 2023",1995,TV-PG,117 min,Romance,Sample description for title 331
s332,TV Show,Netflix Title 332,Director 32,"Actor A, Actor B 12",Japan,"January 24, 2023",2002,TV-14,5 Seasons,Action,Sample description for title 332
s333,Movie,Netflix Title 333,Director 33,"Actor A, Actor B 13",South Korea,"January 25, 2023",2017,PG-13,64 min,Romance,Sample description for title 333
s334,Movie,Netflix Title 334,Director 34,"Actor A, Actor B 14",Canada,"January 26, 2023",1994,PG-13,153 min,Documentary,Sample description for title 334
s335,Movie,Netflix Title 335,Director 35,"Actor A, Actor B 15",Canada,"January 27, 2023",2002,TV-PG,177 min,Romance,Sample description for title 335
s336,Movie,Netflix Title 336,Director 36,"Actor A, Actor B 16",India,"January 28, 2023",2006,TV-PG,155 min,Drama,Sample description for title 336
s337,TV Show,Netflix Title 337,Director 37,"Actor A, Actor B 17",South Korea,"January 1, 2023",2021,TV-14,8 Seasons,Documentary,Sample description for title 337
s338,TV Show,Netflix Title 338,Director 38,"Actor A, Actor B 18",Japan,"January 2, 2023",2018,TV-14,6 Seasons,Thriller,Sample description for title 338
s339,Movie,Netflix Title 339,Director 39,"Actor A, Actor B 19",United Kingdom,"January 3, 2023",1992,TV-PG,170 min,Comedy,Sample description for title 339
s340,Movie,Netflix Title 340,Director 40,"Actor A, Actor B 0",United States,"January 4, 2023",2023,TV-MA,155 min,Thriller,Sample description for title 340
s341,Movie,Netflix Title 341,Director 41,"Actor A, Actor B 1",India,"January 5, 2023",2016,PG-13,171 min,Action,Sample description for title 341
s342,Movie,Netflix Title 342,Director 42,"Actor A, Actor B 2",Canada,"January 6, 2023",2002,PG,151 min,Documentary,Sample description for title 342
s343,Movie,Netflix Title 343,Director 43,"Actor A, Actor B 3",United Kingdom,"January 7, 2023",2022,TV-14,140 min,Documentary,Sample description for title 343
s344,Movie,Netflix Title 344,Director 44,"Actor A, Actor B 4",United Kingdom,"January 8, 2023",1995,TV-14,154 min,Drama,Sample description for title 344
s345,Movie,Netflix Title 345,Director 45,"Actor A, Actor B 5",United States,"January 9, 2023",2013,TV-PG,67 min,Action,Sample description for title 345
s346,Movie,Netflix Title 346,Director 46,"Actor A, Actor B 6",South Korea,"January 10, 2023",2008,R,163 min,Comedy,Sample description for title 346
s347,Movie,Netflix Title 347,Director 47,"Actor A, Actor B 7",Canada,"January 11, 2023",2005,PG,84 min,Documentary,Sample description for title 347
s348,Movie,Netflix Title 348,Director 48,"Actor A, Actor B 8",Japan,"January 12, 2023",2017,PG,132 min,Documentary,Sample description for title 348
s349,Movie,Netflix Title 349,Director 49,"Actor A, Actor B 9",United Kingdom,"January 13, 2023",2022,TV-14,125 min,Drama,Sample description for title 349
s350,Movie,Netflix Title 350,Director 0,"Actor A, Actor B 10",United States,"January 14, 2023",2002,TV-MA,138 min,Romance,Sample description for title 350
s351,Movie,Netflix Title 351,Director 1,"Actor A, Actor B 11",Japan,"January 15, 2023",2014,R,109 min,Comedy,Sample description for title 351
s352,TV Show,Netflix Title 352,Director 2,"Actor A, Actor B 12",South Korea,"January 16, 2023",2016,PG,3 Seasons,Thriller,Sample description for title 352
s353,Movie,Netflix Title 353,Director 3,"Actor A, Actor B 13",Canada,"January 17, 2023",1996,TV-14,108 min,Action,Sample description for title 353
s354,Movie,Netflix Title 354,Director 4,"Actor A, Actor B 14",South Korea,"January 18, 2023",1994,PG,95 min,Documentary,Sample description for title 354
s355,Movie,Netflix Title 355,Director 5,"Actor A, Actor B 15",United Kingdom,"January 19, 2023",2020,R,127 min,Documentary,Sample description for title 355
s356,Movie,Netflix Title 356,Director 6,"Actor A, Actor B 16",Japan,"January 20, 2023",2012,R,137 min,Thriller,Sample description for title 356
s357,Movie,Netflix Title 357,Director 7,"Actor A, Actor B 17",Japan,"January 21, 2023",1999,PG-13,164 min,Comedy,Sample description for title 357
s358,Movie,Netflix Title 358,Director 8,"Actor A, Actor B 18",Japan,"January 22, 2023",2021,TV-PG,100 min,Romance,Sample description for title 358
s359,TV Show,Netflix Title 359,Director 9,"Actor A, Actor B 19",United Kingdom,"January 23, 2023",2019,TV-PG,9 Seasons,Documentary,Sample description for title 359
s360,Movie,Netflix Title 360,Director 10,"Actor A, Actor B 0",United Kingdom,"January 24, 2023",2020,TV-14,178 min,Comedy,Sample description for title 360
s361,Movie,Netflix Title 361,Director 11,"Actor A, Actor B 1",South Korea,"January 25, 2023",2007,R,121 min,Thriller,Sample description for title 361
s362,Movie,Netflix Title 362,Director 12,"Actor A, Actor B 2",India,"January 26, 2023",1991,PG-13,173 min,Drama,Sample description for title 362
s363,Movie,Netflix Title 363,Director 13,"Actor A, Actor B 3",South Korea,"January 27, 2023",2003,PG-13,69 min,Romance,Sample description for title 363
s364,Movie,Netflix Title 364,Director 14,"Actor A, Actor B 4",Canada,"January 28, 2023",2002,PG,80 min,Action,Sample description for title 364
s365,TV Show,Netflix Title 365,Director 15,"Actor A, Actor B 5",United States,"January 1, 2023",2018,PG,4 Seasons,Documentary,Sample description for title 365
s366,Movie,Netflix Title 366,Director 16,"Actor A, Actor B 6",Japan,"January 2, 2023",2001,PG-13,71 min,Comedy,Sample description for title 366
s367,TV Show,Netflix Title 367,Director 17,"Actor A, Actor B 7",India,"January 3, 2023",1991,PG,8 Seasons,Drama,Sample description for title 367
s368,TV Show,Netflix Title 368,Director 18,"Actor A, Actor B 8",United States,"January 4, 2023",2021,R,2 Seasons,Action,Sample description for title 368
s369,Movie,Netflix Title 369,Director 19,"Actor A, Actor B 9",India,"January 5, 2023",2002,TV-MA,177 min,Comedy,Sample description for title 369
s370,Movie,Netflix Title 370,Director 20,"Actor A, Actor B 10",South Korea,"January 6, 2023",2016,R,72 min,Comedy,Sample description for title 370
s371,Movie,Netflix Title 371,Director 21,"Actor A, Actor B 11",United Kingdom,"January 7, 2023",2006,PG-13,112 min,Action,Sample description for title 371
s372,Movie,Netflix Title 372,Director 22,"Actor A, Actor B 12",Japan,"January 8, 2023",2020,PG-13,91 min,Drama,Sample description for title 372
s373,Movie,Netflix Title 373,Director 23,"Actor A, Actor B 13",South Korea,"January 9, 2023",2023,R,154 min,Thriller,Sample description for title 373
s374,Movie,Netflix Title 374,Director 24,"Actor A, Actor B 14",United States,"January 10, 2023",2013,PG,75 min,Drama,Sample description for title 374
s375,Movie,Netflix Title 375,Director 25,"Actor A, Actor B 15",United States,"January 11, 2023",2024,PG,91 min,Romance,Sample description for title 375
s376,Movie,Netflix Title 376,Director 26,"Actor A, Actor B 16",United States,"January 12, 2023",1995,TV-PG,91 min,Documentary,Sample description for title 376
s377,TV Show,Netflix Title 377,Director 27,"Actor A, Actor B 17",United States,"January 13, 2023",2008,PG-13,2 Seasons,Action,Sample description for title 377
s378,Movie,Netflix Title 378,Director 28,"Actor A, Actor B 18",United States,"January 14, 2023",2019,TV-14,70 min,Thriller,Sample description for title 378
s379,TV Show,Netflix Title 379,Director 29,"Actor A, Actor B 19",India,"January 15, 2023",1996,TV-PG,1 Seasons,Action,Sample description for title 379
s380,Movie,Netflix Title 380,Director 30,"Actor A, Actor B 0",South Korea,"January 16, 2023",1999,PG,99 min,Action,Sample description for title 380
s381,Movie,Netflix Title 381,Director 31,"Actor A, Actor B 1",Japan,"January 17, 2023",2021,R,77 min,Drama,Sample description for title 381
s382,Movie,Netflix Title 382,Director 32,"Actor A, Actor B 2",United Kingdom,"January 18, 2023",2023,PG,114 min,Documentary,Sample description for title 382
s383,Movie,Netflix Title 383,Director 33,"Actor A, Actor B 3",United Kingdom,"January 19, 2023",2017,R,132 min,Romance,Sample description for title 383
s384,TV Show,Netflix Title 384,Director 34,"Actor A, Actor B 4",South Korea,"January 20, 2023",2004,TV-PG,9 Seasons,Comedy,Sample description for title 384
s385,TV Show,Netflix Title 385,Director 35,"Actor A, Actor B 5",South Korea,"January 21, 2023",2019,PG-13,8 Seasons,Comedy,Sample description for title 385
s386,TV Show,Netflix Title 386,Director 36,"Actor A, Actor B 6",United Kingdom,"January 22, 2023",2018,PG,9 Seasons,Action,Sample description for title 386
s387,Movie,Netflix Title 387,Director 37,"Actor A, Actor B 7",United Kingdom,"January 23, 2023",2011,R,173 min,Documentary,Sample description for title 387
s388,Movie,Netflix Title 388,Director 38,"Actor A, Actor B 8",India,"January 24, 2023",1993,PG-13,81 min,Thriller,Sample description for title 388
s389,TV Show,Netflix Title 389,Director 39,"Actor A, Actor B 9",Canada,"January 25, 2023",2009,TV-14,4 Seasons,Drama,Sample description for title 389
s390,TV Show,Netflix Title 390,Director 40,"Actor A, Actor B 10",Japan,"January 26, 2023",2021,R,4 Seasons,Documentary,Sample description for title 390
s391,TV Show,Netflix Title 391,Director 41,"Actor A, Actor B 11",United States,"January 27, 2023",1993,TV-PG,5 Seasons,Documentary,Sample description for title 391
s392,Movie,Netflix Title 392,Director 42,"Actor A, Actor B 12",Canada,"January 28, 2023",2016,TV-14,103 min,Drama,Sample description for title 392
s393,Movie,Netflix Title 393,Director 43,"Actor A, Actor B 13",South Korea,"January 1, 2023",2006,TV-14,91 min,Action,Sample description for title 393
s394,TV Show,Netflix Title 394,Director 44,"Actor A, Actor B 14",United Kingdom,"January 2, 2023",2001,TV-MA,3 Seasons,Documentary,Sample description for title 394
s395,Movie,Netflix Title 395,Director 45,"Actor A, Actor B 15",Canada,"January 3, 2023",2011,PG,105 min,Comedy,Sample description for title 395
s396,TV Show,Netflix Title 396,Director 46,"Actor A, Actor B 16",Japan,"January 4, 2023",2006,R,1 Seasons,Drama,Sample description for title 396
s397,TV Show,Netflix Title 397,Director 47,"Actor A, Actor B 17",South Korea,"January 5, 2023",1999,TV-14,8 Seasons,Thriller,Sample description for title 397
s398,Movie,Netflix Title 398,Director 48,"Actor A, Actor B 18",United States,"January 6, 2023",1990,TV-MA,80 min,Romance,Sample description for title 398
s399,TV Show,Netflix Title 399,Director 49,"Actor A, Actor B 19",United States,"January 7, 2023",2011,TV-PG,3 Seasons,Action,Sample description for title 399
s400,TV Show,Netflix Title 400,Director 0,"Actor A, Actor B 0",Japan,"January 8, 2023",2015,PG-13,7 Seasons,Drama,Sample description for title 400
s401,Movie,Netflix Title 401,Director 1,"Actor A, Actor B 1",Japan,"January 9, 2023",2007,R,98 min,Romance,Sample description for title 401
s402,TV Show,Netflix Title 402,Director 2,"Actor A, Actor B 2",United Kingdom,"January 10, 2023",2003,TV-14,1 Seasons,Romance,Sample description for title 402
s403,Movie,Netflix Title 403,Director 3,"Actor A, Actor B 3",United States,"January 11, 2023",2018,PG,71 min,Thriller,Sample description for title 403
s404,TV Show,Netflix Title 404,Director 4,"Actor A, Actor B 4",South Korea,"January 12, 2023",2001,TV-MA,9 Seasons,Documentary,Sample description for title 404
s405,Movie,Netflix Title 405,Director 5,"Actor A, Actor B 5",Canada,"January 13, 2023",2024,TV-14,106 min,Thriller,Sample description for title 405
s406,TV Show,Netflix Title 406,Director 6,"Actor A, Actor B 6",South Korea,"January 14, 2023",2001,PG,2 Seasons,Documentary,Sample description for title 406
s407,Movie,Netflix Title 407,Director 7,"Actor A, Actor B 7",India,"January 15, 2023",1996,TV-14,80 min,Documentary,Sample description for title 407
s408,Movie,Netflix Title 408,Director 8,"Actor A, Actor B 8",India,"January 16, 2023",2018,R,72 min,Drama,Sample description for title 408
s409,TV Show,Netflix Title 409,Director 9,"Actor A, Actor B 9",Japan,"January 17, 2023",2000,R,5 Seasons,Drama,Sample description for title 409
s410,Movie,Netflix Title 410,Director 10,"Actor A, Actor B 10",United Kingdom,"January 18, 2023",2022,R,67 min,Action,Sample description for title 410
s411,Movie,Netflix Title 411,Director 11,"Actor A, Actor B 11",India,"January 19, 2023",1995,TV-PG,105 min,Documentary,Sample description for title 411
s412,TV Show,Netflix Title 412,Director 12,"Actor A, Actor B 12",United States,"January 20, 2023",2004,TV-PG,8 Seasons,Romance,Sample description for title 412
s413,TV Show,Netflix Title 413,Director 13,"Actor A, Actor B 13",South Korea,"January 21, 2023",2021,TV-MA,7 Seasons,Comedy,Sample description for title 413
s414,Movie,Netflix Title 414,Director 14,"Actor A, Actor B 14",South Korea,"January 22, 2023",2000,R,82 min,Action,Sample description for title 414
s415,Movie,Netflix Title 415,Director 15,"Actor A, Actor B 15",Japan,"January 23, 2023",2012,PG,167 min,Drama,Sample description for title 415
s416,Movie,Netflix Title 416,Director 16,"Actor A, Actor B 16",Canada,"January 24, 2023",2015,TV-14,155 min,Thriller,Sample description for title 416
s417,Movie,Netflix Title 417,Director 17,"Actor A, Actor B 17",Japan,"January 25, 2023",2023,PG-13,134 min,Action,Sample description for title 417
s418,Movie,Netflix Title 418,Director 18,"Actor A, Actor B 18",Canada,"January 26, 2023",2023,PG,145 min,Action,Sample description for title 418
s419,Movie,Netflix Title 419,Director 19,"Actor A, Actor B 19",Japan,"January 27, 2023",2018,TV-PG,81 min,Action,Sample description for title 419
s420,TV Show,Netflix Title 420,Director 20,"Actor A, Actor B 0",Japan,"January 28, 2023",1993,TV-PG,9 Seasons,Action,Sample description for title 420
s421,TV Show,Netflix Title 421,Director 21,"Actor A, Actor B 1",Japan,"January 1, 2023",2006,PG,6 Seasons,Comedy,Sample description for title 421
s422,TV Show,Netflix Title 422,Director 22,"Actor A, Actor B 2",Canada,"January 2, 2023",2024,TV-PG,2 Seasons,Thriller,Sample description for title 422
s423,Movie,Netflix Title 423,Director 23,"Actor A, Actor B 3",Canada,"January 3, 2023",2002,R,61 min,Thriller,Sample description for title 423
s424,Movie,Netflix Title 424,Director 24,"Actor A, Actor B 4",Japan,"January 4, 2023",2004,TV-MA,88 min,Thriller,Sample description for title 424
s425,Movie,Netflix Title 425,Director 25,"Actor A, Actor B 5",India,"January 5, 2023",2018,TV-14,144 min,Documentary,Sample description for title 425
s426,Movie,Netflix Title 426,Director 26,"Actor A, Actor B 6",United Kingdom,"January 6, 2023",2018,TV-MA,138 min,Romance,Sample description for title 426
s427,Movie,Netflix Title 427,Director 27,"Actor A, Actor B 7",United Kingdom,"January 7, 2023",2000,TV-14,111 min,Thriller,Sample description for title 427
s428,TV Show,Netflix Title 428,Director 28,"Actor A, Actor B 8",United Kingdom,"January 8, 2023",2021,TV-14,2 Seasons,Action,Sample description for title 428
s429,Movie,Netflix Title 429,Director 29,"Actor A, Actor B 9",Canada,"January 9, 2023",1991,TV-MA,154 min,Action,Sample description for title 429
s430,Movie,Netflix Title 430,Director 30,"Actor A, Actor B 10",Canada,"January 10, 2023",2003,PG,138 min,Thriller,Sample description for title 430
s431,Movie,Netflix Title 431,Director 31,"Actor A, Actor B 11",India,"January 11, 2023",2009,TV-14,174 min,Thriller,Sample description for title 431
s432,TV Show,Netflix Title 432,Director 32,"Actor A, Actor B 12",United Kingdom,"January 12, 2023",2011,TV-MA,7 Seasons,Action,Sample description for title 432
s433,Movie,Netflix Title 433,Director 33,"Actor A, Actor B 13",United Kingdom,"January 13, 2023",2000,TV-14,147 min,Documentary,Sample description for title 433
s434,Movie,Netflix Title 434,Director 34,"Actor A, Actor B 14",Japan,"January 14, 2023",2016,PG-13,103 min,Drama,Sample description for title 434
s435,Movie,Netflix Title 435,Director 35,"Actor A, Actor B 15",Canada,"January 15, 2023",1992,PG,136 min,Drama,Sample description for title 435
s436,TV Show,Netflix Title 436,Director 36,"Actor A, Actor B 16",United Kingdom,"January 16, 2023",2006,R,6 Seasons,Thriller,Sample description for title 436
s437,Movie,Netflix Title 437,Director 37,"Actor A, Actor B 17",South Korea,"January 17, 2023",2017,TV-14,102 min,Comedy,Sample description for title 437
s438,TV Show,Netflix Title 438,Director 38,"Actor A, Actor B 18",India,"January 18, 2023",2018,PG-13,5 Seasons,Thriller,Sample description for title 438
s439,TV Show,Netflix Title 439,Director 39,"Actor A, Actor B 19",South Korea,"January 19, 2023",2010,R,1 Seasons,Thriller,Sample description for title 439
s440,Movie,Netflix Title 440,Director 40,"Actor A, Actor B 0",South Korea,"January 20, 2023",2005,R,115 min,Drama,Sample description for title 440
s441,Movie,Netflix Title 441,Director 41,"Actor A, Actor B 1",India,"January 21, 2023",2009,TV-14,62 min,Action,Sample description for title 441
s442,TV Show,Netflix Title 442,Director 42,"Actor A, Actor B 2",South Korea,"January 22, 2023",1995,TV-MA,6 Seasons,Thriller,Sample description for title 442
s443,Movie,Netflix Title 443,Director 43,"Actor A, Actor B 3",United Kingdom,"January 23, 2023",2008,TV-14,78 min,Action,Sample description for title 443
s444,Movie,Netflix Title 444,Director 44,"Actor A, Actor B 4",Canada,"January 24, 2023",1994,PG-13,82 min,Action,Sample description for title 444
s445,TV Show,Netflix Title 445,Director 45,"Actor A, Actor B 5",India,"January 25, 2023",1992,R,7 Seasons,Comedy,Sample description for title 445
s446,TV Show,Netflix Title 446,Director 46,"Actor A, Actor B 6",Japan,"January 26, 2023",1990,TV-14,9 Seasons,Action,Sample description for title 446
s447,TV Show,Netflix Title 447,Director 47,"Actor A, Actor B 7",South Korea,"January 27, 2023",2004,TV-MA,5 Seasons,Drama,Sample description for title 447
s448,TV Show,Netflix Title 448,Director 48,"Actor A, Actor B 8",India,"January 28, 2023",2023,TV-14,8 Seasons,Documentary,Sample description for title 448
s449,Movie,Netflix Title 449,Director 49,"Actor A, Actor B 9",United States,"January 1, 2023",2024,PG,165 min,Documentary,Sample description for title 449
s450,Movie,Netflix Title 450,Director 0,"Actor A, Actor B 10",United States,"January 2, 2023",2014,TV-MA,117 min,Romance,Sample description for title 450
s451,TV Show,Netflix Title 451,Director 1,"Actor A, Actor B 11",Canada,"January 3, 2023",2013,PG-13,8 Seasons,Thriller,Sample description for title 451
s452,Movie,Netflix Title 452,Director 2,"Actor A, Actor B 12",United Kingdom,"January 4, 2023",2001,R,60 min,Drama,Sample description for title 452
s453,Movie,Netflix Title 453,Director 3,"Actor A, Actor B 13",Canada,"January 5, 2023",2007,TV-14,167 min,Action,Sample description for title 453
s454,TV Show,Netflix Title 454,Director 4,"Actor A, Actor B 14",Canada,"January 6, 2023",2004,TV-MA,5 Seasons,Documentary,Sample description for title 454
s455,Movie,Netflix Title 455,Director 5,"Actor A, Actor B 15",Canada,"January 7, 2023",2005,PG,62 min,Drama,Sample description for title 455
s456,Movie,Netflix Title 456,Director 6,"Actor A, Actor B 16",Canada,"January 8, 2023",2016,TV-MA,124 min,Documentary,Sample description for title 456
s457,Movie,Netflix Title 457,Director 7,"Actor A, Actor B 17",Japan,"January 9, 2023",1997,TV-PG,63 min,Action,Sample description for title 457
s458,Movie,Netflix Title 458,Director 8,"Actor A, Actor B 18",Japan,"January 10, 2023",2014,PG,163 min,Documentary,Sample description for title 458
s459,Movie,Netflix Title 459,Director 9,"Actor A, Actor B 19",India,"January 11, 2023",2006,PG-13,158 min,Thriller,Sample description for title 459
s460,Movie,Netflix Title 460,Director 10,"Actor A, Actor B 0",United States,"January 12, 2023",2018,R,155 min,Thriller,Sample description for title 460
s461,Movie,Netflix Title 461,Director 11,"Actor A, Actor B 1",Canada,"January 13, 2023",1997,PG-13,123 min,Romance,Sample description for title 461
s462,Movie,Netflix Title 462,Director 12,"Actor A, Actor B 2",India,"January 14, 2023",2004,TV-14,165 min,Romance,Sample description for title 462
s463,TV Show,Netflix Title 463,Director 13,"Actor A, Actor B 3",United States,"January 15, 2023",2016,TV-MA,2 Seasons,Documentary,Sample description for title 463
s464,Movie,Netflix Title 464,Director 14,"Actor A, Actor B 4",South Korea,"January 16, 2023",1996,TV-PG,166 min,Drama,Sample description for title 464
s465,TV Show,Netflix Title 465,Director 15,"Actor A, Actor B 5",United Kingdom,"January 17, 2023",1992,PG,9 Seasons,Thriller,Sample description for title 465
s466,Movie,Netflix Title 466,Director 16,"Actor A, Actor B 6",Japan,"January 18, 2023",2018,PG,69 min,Drama,Sample description for title 466
s467,Movie,Netflix Title 467,Director 17,"Actor A, Actor B 7",South Korea,"January 19, 2023",2013,TV-MA,80 min,Drama,Sample description for title 467
s468,TV Show,Netflix Title 468,Director 18,"Actor A, Actor B 8",United States,"January 20, 2023",1992,TV-PG,7 Seasons,Documentary,Sample description for title 468
s469,Movie,Netflix Title 469,Director 19,"Actor A, Actor B 9",South Korea,"January 21, 2023",2009,TV-MA,150 min,Drama,Sample description for title 469
s470,TV Show,Netflix Title 470,Director 20,"Actor A, Actor B 10",United Kingdom,"January 22, 2023",2004,TV-14,2 Seasons,Thriller,Sample description for title 470
s471,Movie,Netflix Title 471,Director 21,"Actor A, Actor B 11",United States,"January 23, 2023",2014,PG-13,100 min,Action,Sample description for title 471
s472,TV Show,Netflix Title 472,Director 22,"Actor A, Actor B 12",South Korea,"January 24, 2023",2019,PG,9 Seasons,Romance,Sample description for title 472
s473,Movie,Netflix Title 473,Director 23,"Actor A, Actor B 13",Japan,"January 25, 2023",2003,TV-14,175 min,Action,Sample description for title 473
s474,TV Show,Netflix Title 474,Director 24,"Actor A, Actor B 14",Japan,"January 26, 2023",1996,PG-13,4 Seasons,Drama,Sample description for title 474
s475,Movie,Netflix Title 475,Director 25,"Actor A, Actor B 15",India,"January 27, 2023",2006,TV-14,145 min,Action,Sample description for title 475
s476,TV Show,Netflix Title 476,Director 26,"Actor A, Actor B 16",South Korea,"January 28, 2023",2009,TV-PG,6 Seasons,Thriller,Sample description for title 476
s477,Movie,Netflix Title 477,Director 27,"Actor A, Actor B 17",Canada,"January 1, 2023",1998,PG,71 min,Thriller,Sample description for title 477
s478,Movie,Netflix Title 478,Director 28,"Actor A, Actor B 18",South Korea,"January 2, 2023",2011,TV-MA,140 min,Drama,Sample description for title 478
s479,TV Show,Netflix Title 479,Director 29,"Actor A, Actor B 19",United States,"January 3, 2023",1991,TV-MA,9 Seasons,Documentary,Sample description for title 479
s480,Movie,Netflix Title 480,Director 30,"Actor A, Actor B 0",United States,"January 4, 2023",2013,PG-13,93 min,Action,Sample description for title 480
s481,Movie,Netflix Title 481,Director 31,"Actor A, Actor B 1",South Korea,"January 5, 2023",1997,R,112 min,Documentary,Sample description for title 481
s482,Movie,Netflix Title 482,Director 32,"Actor A, Actor B 2",United Kingdom,"January 6, 2023",2000,TV-PG,79 min,Documentary,Sample description for title 482
s483,Movie,Netflix Title 483,Director 33,"Actor A, Actor B 3",Japan,"January 7, 2023",2002,PG-13,134 min,Comedy,Sample description for title 483
s484,Movie,Netflix Title 484,Director 34,"Actor A, Actor B 4",United States,"January 8, 2023",2006,R,75 min,Drama,Sample description for title 484
s485,Movie,Netflix Title 485,Director 35,"Actor A, Actor B 5",Japan,"January 9, 2023",1997,TV-14,174 min,Romance,Sample description for title 485
s486,TV Show,Netflix Title 486,Director 36,"Actor A, Actor B 6",United States,"January 10, 2023",2010,TV-PG,7 Seasons,Thriller,Sample description for title 486
s487,Movie,Netflix Title 487,Director 37,"Actor A, Actor B 7",India,"January 11, 2023",2007,TV-14,129 min,Thriller,Sample description for title 487
s488,Movie,Netflix Title 488,Director 38,"Actor A, Actor B 8",Canada,"January 12, 2023",2019,PG,115 min,Drama,Sample description for title 488
s489,TV Show,Netflix Title 489,Director 39,"Actor A, Actor B 9",United States,"January 13, 2023",2007,TV-PG,3 Seasons,Romance,Sample description for title 489
s490,TV Show,Netflix Title 490,Director 40,"Actor A, Actor B 10",Japan,"January 14, 2023",2020,R,5 Seasons,Thriller,Sample description for title 490
s491,Movie,Netflix Title 491,Director 41,"Actor A, Actor B 11",India,"January 15, 2023",2021,PG,117 min,Drama,Sample description for title 491
s492,Movie,Netflix Title 492,Director 42,"Actor A, Actor B 12",United States,"January 16, 2023",2000,TV-MA,63 min,Thriller,Sample description for title 492
s493,Movie,Netflix Title 493,Director 43,"Actor A, Actor B 13",United Kingdom,"January 17, 2023",2014,R,170 min,Documentary,Sample description for title 493
s494,Movie,Netflix Title 494,Director 44,"Actor A, Actor B 14",Canada,"January 18, 2023",2022,PG-13,63 min,Action,Sample description for title 494
s495,Movie,Netflix Title 495,Director 45,"Actor A, Actor B 15",United States,"January 19, 2023",1997,TV-MA,79 min,Action,Sample description for title 495
s496,Movie,Netflix Title 496,Director 46,"Actor A, Actor B 16",India,"January 20, 2023",2000,TV-MA,69 min,Thriller,Sample description for title 496
s497,Movie,Netflix Title 497,Director 47,"Actor A, Actor B 17",United Kingdom,"January 21, 2023",2011,PG-13,83 min,Comedy,Sample description for title 497
s498,Movie,Netflix Title 498,Director 48,"Actor A, Actor B 18",South Korea,"January 22, 2023",2013,TV-PG,177 min,Romance,Sample description for title 498
s499,TV Show,Netflix Title 499,Director 49,"Actor A, Actor B 19",India,"January 23, 2023",2006,TV-MA,3 Seasons,Romance,Sample description for title 499
s500,TV Show,Netflix Title 500,Director 0,"Actor A, Actor B 0",India,"January 24, 2023",2001,R,5 Seasons,Romance,Sample description for title 500
